{
  "metadata": {
    "schemaVersion": "1.0",
    "importType": "LEX",
    "importFormat": "JSON"
  },
  "resource": {
    "name": "ProjectModels",
    "version": "1",
    "fulfillmentActivity": {
      "codeHook": {
        "uri": "arn:aws:lambda:us-west-2:933269243174:function:projectRecommendPortfolio",
        "messageVersion": "1.0"
      },
      "type": "CodeHook"
    },
    "sampleUtterances": [
      "What Models do you use in your recommendation",
      "What are your models"
    ],
    "slots": [],
    "dialogCodeHook": {
      "uri": "arn:aws:lambda:us-west-2:933269243174:function:projectRecommendPortfolio",
      "messageVersion": "1.0"
    },
    "slotTypes": []
  }
}