{
  "metadata": {
    "schemaVersion": "1.0",
    "importType": "LEX",
    "importFormat": "JSON"
  },
  "resource": {
    "name": "projectSentiment",
    "version": "2",
    "enumerationValues": [
      {
        "value": "Weather",
        "synonyms": [
          "Weather"
        ]
      },
      {
        "value": "Stocks",
        "synonyms": [
          "Stocks"
        ]
      },
      {
        "value": "News",
        "synonyms": [
          "News"
        ]
      },
      {
        "value": "General",
        "synonyms": [
          "General"
        ]
      },
      {
        "value": "Politics",
        "synonyms": [
          "Politics"
        ]
      }
    ],
    "valueSelectionStrategy": "TOP_RESOLUTION"
  }
}